Aaron Bieber <aaron@bolddaemon.com> <deftly@gmail.com>
Aaron Heckmann <aaron.heckmann@gmail.com> <aaron.heckmann+github@gmail.com>
Aayush Ahuja <aayush.a@directi.com> aayush.a <aayush.a@directi.com>
Abe Fettig <abefettig@gmail.com> <abe@fettig.net>
Akito Ito <akito0107@gmail.com> <akito_ito@r.recruit.co.jp>
Alejandro Oviedo Garcia <alejandro.oviedo.g@gmail.com> Alejandro Oviedo <alejandro.oviedo.g@gmail.com>
Alex Gilbert <alex@punkave.com> agilbert <alex@punkave.com>
Alex Hultman <alexhultman@gmail.com> <alexhultman@localhost.localdomain>
Alex Jordan <alex@strugee.net> AJ Jordan <alex@strugee.net>
Alex Kocharin <rlidwka@kocharin.ru>
Alex Kocharin <rlidwka@kocharin.ru> <alex@kocharin.ru>
Alexander Marchenko <axvmindaweb@gmail.com> axvm <axvmindaweb@gmail.com>
Alexey Kupershtokh <alexey.kupershtokh@gmail.com> <wicked@alawar.com>
Alexis Campailla <alexis@janeasystems.com> <orangemocha@github.com>
Alexis Sellier <self@cloudhead.net>
Alexis Sellier <self@cloudhead.net> <alexis@cloudhead.io>
Alfred Cepeda <AlfredJCepeda@gmail.com> ALJCepeda <AlfredJCepeda@gmail.com>
Amery <amery@xiangfa.org> 子丶言 <amery@xiangfa.org>
Andreas Offenhaeuser <offenhaeuser@gmail.com> anoff <offenhaeuser@gmail.com>
Andy Bettisworth <andy.bettisworth@accreu.com>
Angel Stoyanov <atstojanov@gmail.com> atstojanov <atstojanov@gmail.com>
Anna Henningsen <anna@addaleax.net> <sqrt@entless.org>
Anna Magdalena Kedzierska <anna.mag.kedzierska@gmail.com> AnnaMag <AnnaMag@users.noreply.github.com>
Antoine Amara <amara.antoine@gmail.com> Antoine AMARA <amara.antoine@gmail.com>
Aria Stewart <aredridel@dinhe.net> <aredridel@nbtsc.org>
Arlo Breault <arlolra@gmail.com>
Arnaud Lefebvre <a.lefebvre@outlook.fr> BlackYoup <a.lefebvre@outlook.fr>
Artem Zaytsev <a.arepo@gmail.com>
Artur G Vieira <vieira.artur.g@gmail.com> Artur Vieira <vieira.artur.g@gmail.com>
Arnout Kazemier <info@3rd-Eden.com> <3rd-Eden@users.noreply.github.com>
Asaf David <asafdav2@gmail.com> asafdav2 <asafdav2@gmail.com>
Ashley Maceli <ashley.maceli@gmail.com> ashleyraymaceli <ashley.maceli@gmail.com>
Atsuo Fukaya <fukayatsu@gmail.com>
Ben Lugavere <b.lugavere@gmail.com> blugavere <b.lugavere@gmail.com>
Ben Noordhuis <info@bnoordhuis.nl> <bnoordhuis@bender.(none)>
Ben Noordhuis <info@bnoordhuis.nl> <ben@strongloop.com>
Ben Taber <ben.taber@gmail.com>
Benjamin Fleischer <github@benjaminfleischer.com> Benjamin Fleischer <benjamin.fleischer@swipesense.com>
Benjamin Gruenbaum <inglor@gmail.com> <benji@peer5.com>
Benjamin Waters <benjamin.waters@outlook.com> <ben25890@gmail.com>
Bert Belder <bertbelder@gmail.com> <bert@piscisaureus2.(none)>
Bert Belder <bertbelder@gmail.com> <info@2bs.nl>
Bert Belder <bertbelder@gmail.com> <piscisaureus@Berts-MacBook-Pro.local>
Beth Griggs <Bethany.Griggs@uk.ibm.com> Bethany Griggs <Bethany.Griggs@uk.ibm.com>
Beth Griggs <Bethany.Griggs@uk.ibm.com> Bethany N Griggs <Bethany.Griggs@uk.ibm.com>
Beth Griggs <Bethany.Griggs@uk.ibm.com> BethGriggs <Bethany.Griggs@uk.ibm.com>
Bidisha Pyne <pyne.bidisha2017@gmail.com> <bidipyne@in.ibm.com>
Brad Decker <bhdecker84@gmail.com> brad-decker <bhdecker84@gmail.com>
Brad Larson <brad@waterfallmedia.net> BradLarson <brad@waterfallmedia.net>
Bradley Meck <bradley.meck@gmail.com> Bradley Farias <bradley.meck@gmail.com>
Brandon Benvie <brandon@bbenvie.com> <brandon@brandonbenvie.com>
Brandon Kobel <kobelb@gmail.com> kobelb <brandon.kobel@elastic.co>
Brendan Ashworth <brendan.ashworth@me.com> <squirrelslikeacorns@gmail.com>
Brent Pendergraft <bpent3l@gmail.com> penDerGraft <bpent3l@gmail.com>
Brian White <mscdex@mscdex.net>
Brian White <mscdex@mscdex.net> <mscdex@gmail.com>
Caleb Boyd <caleb.boyd@gmail.com>
Calvin Metcalf <calvin.metcalf@gmail.com> <calvin.metcalf@state.ma.us>
Calvin Metcalf <calvin.metcalf@gmail.com> <cmetcalf@appgeo.com>
Caralyn Reisle <caralynreisle@gmail.com> creisle <caralynreisle@gmail.com>
Charles <ineedpracticing@gmail.com> <cydjudge@users.noreply.github.com>
Chew Choon Keat <choonkeat@gmail.com>
Charles Rudolph <charles.rudolph@originate.com>
Chris Andrews <cpandrews8@gmail.com> cpandrews8 <cpandrews8@gmail.com>
Chris Johnson <chris.s.johnson4@gmail.com>
Chris Young <chris.young@tinder.com> <chris.young@gotinder.com>
Claudio Rodriguez <cjrodr@yahoo.com> <cr@fansworld.tv>
Colin Ihrig <cjihrig@gmail.com>
Christophe Naud-Dulude <christophe.naud.dulude@gmail.com> Chris911 <christophe.naud.dulude@gmail.com>
Christopher Lenz <cmlenz@gmail.com> <chris@lamech.local>
Dan Kaplun <dbkaplun@gmail.com> <dan@beardtree.com>
Dan Williams <dan@igniter.com> Dan.Williams <daniel@chat.za.net>
Daniel Abrão <danielpaladar@gmail.com> Daniel Abrão <danielpaladar@gmail.com>>
Daniel Bevenius <daniel.bevenius@gmail.com> daniel.bevenius <daniel.bevenius@gmail.com>
Daniel Berger <code+node@dpbis.net>
Daniel Chcouri <333222@gmail.com>
Daniel Gröber <darklord@darkboxed.org>
Daniel Gröber <darklord@darkboxed.org> <dxld@darkboxed.org>
Daniel Paulino <d_paulino@outlook.com> dpaulino <d_paulino@outlook.com>
Daniel Pihlström <sciolist.se@gmail.com>
Daniel Wang <wangyang0123@gmail.com> firedfox <wangyang02@baidu.com>
Daniel Wang <wangyang0123@gmail.com> firedfox <wangyang0123@gmail.com>
Danny Nemer <hi@dannynemer.com> <DannyNemer@users.noreply.github.com>
Danny Nemer <hi@dannynemer.com> <hi@DannyNemer.com>
Dave Pacheco <dap@joyent.com> <dap@cs.brown.edu>
David Cai <davidcai1993@yahoo.com> DavidCai <davidcai1993@yahoo.com>
David Mark Clements <david.clements@nearform.com> davidmarkclements <david.clements@nearform.com>
David Mark Clements <david.clements@nearform.com> davidmarkclements <huperekchuno@googlemail.com>
David Siegel <david@artcom.de> <david.siegel@artcom.de>
DC <dcposch@dcpos.ch> dcposch@dcpos.ch <dcposch@dcpos.ch>
Domenic Denicola <domenic@domenicdenicola.com>
Domenic Denicola <domenic@domenicdenicola.com> <d@domenic.me>
Doug Wade <doug@dougwade.io> doug.wade <doug.wade@redfin.com>
Eduard Burtescu <eddy_me08@yahoo.com>
Einar Otto Stangvik <einaros@gmail.com>
Elliott Cable <me@ell.io>
Eric Phetteplace <phette23@gmail.com>
Erwin W. Ramadhan <erwinwahyuramadhan@gmail.com> erwinwahyura <erwinwahyuramadhan@gmail.com>
Eugene Obrezkov <ghaiklor@gmail.com> ghaiklor <ghaiklor@gmail.com>
EungJun Yi <semtlenori@gmail.com>
Evan Larkin <evan.larkin.il.com> <evan.larkin.iit@gmail.com>
Evan Lucas <evanlucas@me.com> <evan@btc.com>
Evan Lucas <evanlucas@me.com> <evan.lucas@help.com>
FangDun Cai <cfddream@gmail.com> Fangdun Cai (Fundon) <cfddream@gmail.com>
Fangshi He <hefangshi@gmail.com> hefangshi <hefangshi@gmail.com>
Farid Neshat <FaridN_SOAD@yahoo.com>
Fedor Indutny <fedor@indutny.com> <fedor.indutny@gmail.com>
Felix Böhm <felixboehm55@googlemail.com> <me@feedic.com>
Felix Geisendörfer <felix@debuggable.com>
Felix Geisendörfer <felix@debuggable.com>
Flandre Scarlet <panyilinlove@qq.com> Flandre <panyilinlove@qq.com>
Florian Margaine <florian@margaine.com> Florian MARGAINE <florian@margaine.com>
Forrest L Norvell <forrest@npmjs.com> <ogd@aoaioxxysz.net>
Franziska Hinkelmann <franziska.hinkelmann@gmail.com> F. Hinkelmann <fhinkel@vt.edu>
Friedemann Altrock <frodenius@gmail.com>
Fuji Goro <gfuji@cpan.org>
Gabriel de Perthuis <g2p.code@gmail.com>
Gareth Ellis <gareth.ellis@uk.ibm.com> <gareth@gsellis.com>
Geoffrey Bugaisky <gbugaisk@gmail.com> gbugaisky <gbugaisk@gmail.com>
Gibson Fahnestock <gibfahn@gmail.com> <gib@uk.ibm.com>
Gil Pedersen <git@gpost.dk> <github@gpost.dk>
Graham Fairweather <xotic750@gmail.com> Xotic750 <xotic750@gmail>
Greg Sabia Tucker <greg@narrowlabs.com> <greg@tucke.rs>
Gregor Martynus <gregor@martynus.net> Gregor <gregor@martynus.net>
Guy Bedford <guybedford@gmail.com> guybedford <guybedford@gmail.com>
Halil İbrahim Şener <hisener@yahoo.com> hisener <hisener@yahoo.com>
Hannah Kim <h.heeeun.kim@gmail.com> heeeunkimmm <h.heeeun.kim@gmail.com>
Hendrik Schwalm <mail@hendrikschwalm.de> hschwalm <mail@hendrikschwalm.de>
Hitesh Kanwathirtha <hiteshk@microsoft.com> <digitalinfinity@gmail.com>
Henry Chin <hheennrryy@gmail.com>
Herbert Vojčík <herby@mailbox.sk>
Icer Liang <liangshuangde@163.com> <wizicer@users.noreply.github.com>
Igor Savin <iselwin@gmail.com> kibertoad <iselwin@gmail.com>
Igor Soarez <igorsoarez@gmail.com>
Igor Zinkovsky <igorzi@microsoft.com>
Imran Iqbal <imran@imraniqbal.org> <imrani@ca.ibm.com>
Ionică Bizău <bizauionica@gmail.com> <bizauionica@yahoo.com>
Isaac Z. Schlueter <i@izs.me>
Isaac Z. Schlueter <i@izs.me> <i@foohack.com>
Italo A. Casas <me@italoacasas.com> <italo@italoacasas.com>
Jackson Tian <shyvo1987@gmail.com> <puling.tyq@alibaba-inc.com>
Jake Verbaten <raynos2@gmail.com>
Jamen Marzonie <jamenmarz@gmail.com> Jamen Marz <jamenmarz+gh@gmail.com>
James Beavers <jamesjbeavers@gmail.com> Druotic <jamesjbeavers@gmail.com>
James Hartig <fastest963@gmail.com> <james.hartig@grooveshark.com>
James M Snell <jasnell@gmail.com>
James Nimlos <james@nimlos.com> JamesNimlos <james@nimlos.com>
Jan Krems <jan.krems@gmail.com> <jan.krems@groupon.com>
Jenna Vuong <jennavuong@gmail.com> <hello@jennavuong.com>
JeongHoon Byun <outsideris@gmail.com> Outsider <outsideris@gmail.com>
Jered Schmidt <tr@nslator.jp>
Jeremiah Senkpiel <fishrock123@rocketmail.com>
Jerry Chin <qinjia@outlook.com>
Jessica Quynh Tran <jessica.quynh.tran@gmail.com> jessicaquynh <jessica.quynh.tran@gmail.com>
Jesús Leganés-Combarro 'piranna <piranna@gmail.com> Jesús Leganés Combarro "piranna <piranna@gmail.com>
Joe Shaw <joe@joeshaw.org> <joeshaw@litl.com>
Johan Bergström <bugs@bergstroem.nu>
Johan Dahlberg <jfd@distrop.com> <dahlberg.johan@gmail.com>
Johann Hofmann <git@johann-hofmann.com>
John Barboza <jbarboza@ca.ibm.com> jBarz <jBarz@users.noreply.github.com>
John Barboza <jbarboza@ca.ibm.com> jBarz <jbarboza@ca.ibm.com>
John Gardner <gardnerjohng@gmail.com> Alhadis <gardnerjohng@gmail.com>
John McGuirk <johnmac81@gmail.com> jmcgui05 <johnmac81@gmail.com>
Johnny Ray Austin <johnny@johnnyray.me> Johnny Ray <http://johnnyray.me>
Jon Tippens <jwtippens@gmail.com> legalcodes <jwtippens@gmail.com>
Jonas Pfenniger <jonas@pfenniger.name> <jonas@stvs.ch>
Jonathan Gourlay <gourlayjd@linux.com> mrgorbo <gourlayjd@linux.com>
Jonathan Ong <jonathanrichardong@gmail.com> <jonathanong@users.noreply.github.com>
Jonathan Persson <persson.jonathan@gmail.com> <jonathan.persson@creuna.se>
Jonathan Rentzsch <jwr.git@redshed.net>
Jose Luis Vivero <josluivivgar@gmail.com> jlvivero <josluivivgar@gmail.com>
Josh Erickson <josh@snoj.us>
Josh Hunter <jopann@gmail.com> jopann <jopann@gmail.com>
Joshua S. Weinstein <josher19@users.sf.net>
Joyee Cheung <joyeec9h3@gmail.com> joyeecheung <joyeec9h3@gmail.com>
Juan Soto <juan@juansoto.me>
Julien Klepatch <julien@julienklepatch.com> jklepatch <julien@julienklepatch.com>
Julien Waechter <julien.waechter@gmail.com> julien.waechter <julien.waechter@gmail.com>
Junliang Yan <john.yan1019@gmail.com>
Junliang Yan <jyan@ca.ibm.com> <jyan@ca.ibm.ca>
Junshu Okamoto <o_askgulf@icloud.com> jun-oka <o_askgulf@icloud.com>
Justin Beckwith <beckwith@google.com> <justin.beckwith@gmail.com>
Jérémy Lal <kapouer@melix.org>
Jérémy Lal <kapouer@melix.org> <holisme@gmail.com>
Kai Sasaki Lewuathe <sasaki_kai@lewuathe.sakura.ne.jp>
Karl Skomski <karl@skomski.com> <mail@skomski.com>
Kathy Truong <kathy.yvy.truong@gmail.com> k3kathy <kathy.yvy.truong@gmail.com>
Kazuyuki Yamada <tasogare.pg@gmail.com>
Keith M Wesolowski <wesolows@joyent.com> <wesolows@foobazco.org>
Kelsey Breseman <ifoundthemeaningoflife@gmail.com>
Khaidi Chu <admin@xcoder.in> XadillaX <admin@xcoder.in>
Khaidi Chu <admin@xcoder.in> <i@2333.moe>
Kiyoshi Nomo <tokyoincidents.g@gmail.com> kysnm <tokyoincidents.g@gmail.com>
Koichi Kobayashi <koichik@improvement.jp>
Kris Kowal <kris.kowal@cixar.com>
Kyle Robinson Young <kyle@dontkry.com>
Lakshmi Swetha Gopireddy <lakshmiswethagopireddy@gmail.com> LAKSHMI SWETHA GOPIREDDY <lgopired@in.ibm.com>
Luke Bayes <lbayes@patternpark.com>
Lydia Kats <llkats@gmail.com> Lydia Katsamberis <llkats@gmail.com>
Maciej Małecki <maciej.malecki@notimplemented.org> <me@mmalecki.com>
Malte-Thorben Bruns <skenqbx@gmail.com> <skenqbx@googlemail.com>
Malte-Thorben Bruns <skenqbx@gmail.com> skenqbx <skenqbx@gmail.com>
Mandeep Singh <mandeep25894@gmail.com> <mandeep.singh@zomato.com>
Manil Chowdhurian <manil.chowdhury@gmail.com> Chowdhurian <manil.chowdhury@gmail.com>
Marcelo Gobelli <marcelo.gobelli@gmail.com> decareano <marcelo.gobelli@gmail.com>
Marcin Cieślak <saper@marcincieslak.com>
Marcin Cieślak <saper@marcincieslak.com> <saper@saper.info>
Marcin Zielinski <marzelin@gmail.com> marzelin <marzelin@gmail.com>
Marti Martz <thalamew@q.com>
Martial James Jefferson <martial.jefferson@gmail.com>
Martijn Schrage <martijn@oblomov.com> Oblosys <martijn@oblomov.com>
Matheus Marchini <matheusdot@gmail.com> <matheus@sthima.com.br>
Matt Lang <matt@mediasuite.co.nz> matt-in-a-hat <matt@mediasuite.co.nz>
Matt Reed <matthewreed26@gmail.com> matthewreed26 <matthewreed26@gmail.com>
Matthias Bastian <dev@matthias-bastian.de> piepmatz <piepmatz@users.noreply.github.com>
Mathias Buus <mathiasbuus@gmail.com> <m@ge.tt>
Mathias Pettersson <mape@mape.me>
Matthew Lye <muddletoes@hotmail.com>
Maurice Hayward <mauricehayward1@gmail.com> maurice_hayward <mauricehayward1@gmail.com>
Michael Bernstein <michaelrbernstein@gmail.com>
Michael Dawson <michael_dawson@ca.ibm.com> <mdawson@devrus.com>
Michael Wilber <gcr@sneakygcr.net>
Michaël Zasso <targos@protonmail.com> <mic.besace@gmail.com>
Michael-Rainabba Richardson <rainabba@gmail.com> rainabba <rainabba@gmail.com>
Michał Gołębiowski-Owczarek <m.goleb@gmail.com>
Micheil Smith <micheil@brandedcode.com> <micheil@yettobebranded.net>
Micleusanu Nicu <micnic90@gmail.com>
Miguel Angel Asencio Hurtado <maasencioh@gmail.com> maasencioh <maasencioh@gmail.com>
Mikael Bourges-Sevenier <mikeseven@gmail.com> <msevenier@motorola.com>
Mike Kaufman <mike.kaufman@microsoft.com> <mkaufman@microsoft.com>
Minqi Pan <pmq2001@gmail.com> P.S.V.R <pmq2001@gmail.com>
Minwoo Jung <jmwsoft@gmail.com> JungMinu <jmwsoft@gmail.com>
Miroslav Bajtoš <miroslav@strongloop.com> <miro.bajtos@gmail.com>
Mitar Milutinovic <mitar.git@tnode.com>
Myles Borins <myles.borins@gmail.com> <mborins@us.ibm.com>
Myles Borins <myles.borins@gmail.com> <mylesborins@google.com>
Nebu Pookins<nebu@nebupookins.net>
Netto Farah <nettofarah@gmail.com> nettofarah <nettofarah@gmail.com>
Nicholas Kinsey <pyrotechnick@feistystudios.com>
Nikolai Vavilov <vvnicholas@gmail.com>
Noah Rose Ledesma <noahroseledesma@seattleacademy.org> Noah Rose <noahroseledesma@seattleacademy.org>
Noah Rose Ledesma <noahroseledesma@seattleacademy.org> <NoahRoseLedesma@seattleacademy.org>
Onne Gorter <onne@onnlucky.com>
Paul Querna <pquerna@apache.org> <paul@querna.org>
Pedro Lima <pvsousalima@gmail.com> Pedro Victor <pvsousalima@gmail.com>
Pedro Lima <pvsousalima@gmail.com> Pedro lima <pvsousalima@gmail.com>
Peng Lyu <penn.lv@gmail.com> rebornix <penn.lv@gmail.com>
Peter Flannery <pflannery@users.noreply.github.com>
Peter Paugh <ppaugh@chariotsolutions.com> Peter <ppaugh@chariotsolutions.com>
Phillip Johnsen <johphi@gmail.com> <phillip.johnsen@finn.no>
Rachel White <loveless@gmail.com> rachelnicole <loveless@gmail.com>
Ratikesh Misra <ratikesh92@gmail.com>
Ravindra Barthwal <ravindrabarthwal@users.noreply.github.com> Ravindra barthwal <ravindrabarthwal@users.noreply.github.com>
Ray Morgan <rmorgan@zappos.com>
Ray Solomon <raybsolomon@gmail.com>
Raymond Feng <enjoyjava@gmail.com> <raymond@strongloop.com>
Rebecca Turner <me@re-becca.org> <rebecca@npmjs.com>
Refael Ackermann <refack@gmail.com> <refael@empeeric.com>
Reza Akhavan <reza@akhavan.me> jedireza <reza@akhavan.me>
Ricardo Sánchez Gregorio <me@richnologies.io> richnologies <me@richnologies.io>
Rick Olson <technoweenie@gmail.com>
Rob Adelmann <adelmann@adobe.com> <robadelmann@gmail.com>
Rob Adelmann <adelmann@adobe.com> adelmann <adelmann@adobe.com>
Rod Machen <rod.machen@help.com> <mail@rodmachen.com>
Roman Klauke <romaaan.git@gmail.com> <romankl@users.noreply.github.com>
Roman Reiss <me@silverwind.io>
Ron Korving <ron@ronkorving.nl> <rkorving@wizcorp.jp>
Ron Korving <ron@ronkorving.nl> ronkorving <ron@ronkorving.nl>
Ruben Bridgewater <ruben@bridgewater.de> <ruben.bridgewater@fintura.de>
Russell Dempsey <sgtpooki@gmail.com> <SgtPooki@gmail.com>
Ryan Dahl <ry@tinyclouds.org>
Ryan Emery <seebees@gmail.com>
Ryan Scheel <ryan.havvy@gmail.com> Ryan Scheel <Ryan.havvy@gmail.com>
Ryan Scheel <ryan.havvy@gmail.com> Ryan Scheel (Havvy) <ryan.havvy@gmail.com>
Saad Quadri <saad@saadq.com> saadq <saad@saadquadri.com>
Sakthipriyan Vairamani <thechargingvolcano@gmail.com>
Sam Mikes <smikes@cubane.com>
Sam P Gallagher-Bishop <samgallagherb@gmail.com> <SPGB@users.noreply.github.com>
Sam Shull <brickysam26@gmail.com> <brickysam26@samuel-shulls-computer.local>
Sam Shull <brickysam26@gmail.com> <sshull@squaremouth.com>
Sambasiva Suda <sambasivarao@gmail.com>
Sam Roberts <vieuxtech@gmail.com> <sam@strongloop.com>
San-Tai Hsu <v@fatpipi.com>
Santiago Gimeno <santiago.gimeno@gmail.com> <santiago.gimeno@ionide.es>
Sarah Meyer <sarahsaltrick@gmail.com> sarahmeyer <sarahsaltrick@gmail.com>
Sartrey Lee <sartrey@163.com> sartrey <sartrey@163.com>
Scott Blomquist <github@scott.blomqui.st> <sblom@microsoft.com>
Segu Riluvan <rilwan22@hotmail.com> <riluvan@gmail.com>
Sergey Kryzhanovsky <skryzhanovsky@gmail.com> <another@dhcp199-223-red.yandex.net>
Shannen Saez <shannenlaptop@gmail.com>
Shaopeng Zhang <szhang351@bloomberg.net> szhang351 <szhang351@bloomberg.net>
Shigeki Ohtsu <ohtsu@ohtsu.org> <ohtsu@iij.ad.jp>
Shigeki Ohtsu <ohtsu@ohtsu.org> <ohtsu@d.jp>
Shiya Luo <luo.shiya@gmail.com> shiya <luo.shiya@gmail.com>
Siddharth Mahendraker <siddharth_mahen@hotmail.com> <siddharth_mahen@me.com>
Simon Willison <simon@simonwillison.net>
Siobhan O'Donovan <siobhan@justshiv.com> justshiv <siobhan@justshiv.com>
Siyuan Gao <siyuangao@gmail.com> r1cebank <siyuangao@gmail.com>
solebox <solekiller@gmail.com> solebox <5013box@gmail.com>
Sreepurna Jasti <sreepurna.jasti@gmail.com> <jsreepur@in.ibm.com>
Sreepurna Jasti <sreepurna.jasti@gmail.com> sreepurnajasti <jsreepur@in.ibm.com>
Sreepurna Jasti <sreepurna.jasti@gmail.com> sreepurnajasti <sreepurna.jasti@gmail.com>
Stanislav Opichal <opichals@gmail.com>
Stefan Budeanu <stefan@budeanu.com> <stefanbu@ca.ibm.com>
Stefan Bühler <stbuehler@web.de>
Steve Mao <maochenyan@gmail.com> <maochenyan@msn.com>
Steven R. Loomis <srloomis@us.ibm.com> <srl@icu-project.org>
Stewart X Addison <sxa@uk.ibm.com> Stewart Addison <sxa@uk.ibm.com>
Stewart X Addison <sxa@uk.ibm.com> sxa555 <sxa@uk.ibm.com>
Suraiya Hameed <hameedsuraiya@gmail.com> suraiyah <hameedsuraiya@gmail.com>
Suramya shah <shah.suramya@gmail.com> ss22ever <ss22ever@users.noreply.github.com>
Surya Panikkal <surya.com@gmail.com> surya panikkal <surya.com@gmail.com>
Surya Panikkal <surya.com@gmail.com> suryagh <surya.com@gmail.com>
Taehee Kang <hugnosis@gmail.com> hugnosis <hugnosis@gmail.com>
Tanuja-Sawant <f2013658@goa.bits-pilani.ac.in> <thinkbigtanu@gmail.com>
Taylor Woll <taylor.woll@microsoft.com> taylor.woll <tawoll@ntdev.microsoft.com>
Thomas Watson Steen <w@tson.dk> Thomas Watson <w@tson.dk>
Timur Shemsedinov <timur.shemsedinov@gmail.com> tshemsedinov <timur.shemsedinov@gmail.com>
Toby Farley <tobyfarley@gmail.com> tobyfarley <tobyfarley@gmail.com>
Toby Stableford <tobytronics@gmail.com> toboid <toboid@users.noreply.github.com>
Todd Kennedy <todd@selfassembled.org> <toddself@users.noreply.github.com>
TJ Holowaychuk <tj@vision-media.ca>
TJ Holowaychuk <tj@vision-media.ca> <tjholowayhuk@gmail.com>
Tadashi SAWADA <cesare@mayverse.jp>
Takahiro ANDO <takahiro.ando@gmail.com>
Tarun Batra <tarun.batra00@gmail.com> Tarun <tarun.batra00@gmail.com>
Ted Young <ted@radicaldesigns.org>
Thomas Lee <thomas.lee@shinetech.com> <tom@tom-debian.sensis.com.au>
Thomas Reggi <thomas@reggi.com>
Tierney Cyren <hello@bnb.im> &! (bitandbang) <tieliaco@gmail.com>
Tierney Cyren <hello@bnb.im> bitandbang <hello@bnb.im>
Tim Caswell <tim@creationix.com> <tim@0-26-8-e9-4c-e1.dyn.utdallas.edu>
Tim Price <timprice@mangoraft.com>
Tim Smart <timehandgod@gmail.com> <tim@fostle.com>
Tim Smart <timehandgod@gmail.com> <timehandgod@gmail.com>
Timothy Leverett <zzzzBov@gmail.com> Timothy <zzzzBov@gmail.com>
Tom Hughes <tom.hughes@palm.com> <tomtheengineer@gmail.com>
Tom Hughes-Croucher <tom_croucher@yahoo.com>
Tom Purcell <tpurcell@chariotsolutions.com> tpurcell <tpurcell@chariotsolutions.com>
Tomoki Okahana <umatomakun@gmail.com> umatoma <umatomakun@gmail.com>
Travis Meisenheimer <travis@indexoutofbounds.com> <tmeisenh@gmail.com>
Trevor Burnham <trevor@databraid.com> <trevorburnham@gmail.com>
Tyler Larson <talltyler@gmail.com>
Viktor Karpov <viktor.s.karpov@gmail.com> vitkarpov <viktor.s.karpov@gmail.com>
Vincent Voyer <v@fasterize.com>
Vladimir de Turckheim <vlad2t@hotmail.com>
vsemozhetbyt <vsemozhetbyt@gmail.com> Vse Mozhet Byt <vsemozhetbyt@gmail.com>
Wang Xinyong <wang.xy.chn@gmail.com> <wangxy.chn@gmail.com>
Weijia Wang <381152119@qq.com> starkwang <381152119@qq.com>
Willi Eggeling <email@wje-online.de>
Wyatt Preul <wpreul@gmail.com> geek <wpreul@gmail.com>
xiaoyu <306766053@qq.com> Poker <306766053@qq.com>
Yazhong Liu <yorkiefixer@gmail.com> Yazhong Liu <l900422@vip.qq.com>
Yazhong Liu <yorkiefixer@gmail.com> Yorkie <l900422@vip.qq.com>
Yazhong Liu <yorkiefixer@gmail.com> Yorkie <yorkiefixer@gmail.com>
Yazhong Liu <yorkiefixer@gmail.com> Yorkie Liu <yorkiefixer@gmail.com>
Yoshihiro KIKUCHI <yknetg@gmail.com>
Yosuke Furukawa <yosuke.furukawa@gmail.com> <furukawa.yosuke@dena.jp>
Yuichiro MASUI <masui@masuidrive.jp>
Yuta Hiroto <git@about-hiroppy.com> abouthiroppy <git@about-hiroppy.com>
Zach Bjornson <bjornson@stanford.edu> <zbbjornson@gmail.com>
Zachary Scott <zachary@zacharyscott.net> <zachary.s.scott@gmail.com>
Zoran Tomicic <ztomicic@gmail.com>
Сковорода Никита Андреевич <chalkerx@gmail.com> ChALkeR <chalkerx@gmail.com>

# These people didn't contribute patches to node directly,
# but we've landed their v8 patches in the node repository:
Daniel Clifford <danno@chromium.org>
Erik Corry <erik.corry@gmail.com>
Jakob Kummerow <jkummerow@chromium.org>
Kevin Millikin <kmillikin@chromium.org>
Lasse R.H. Nielsen <lrn@chromium.org>
Michael Starzinger <mstarzinger@chromium.org>
Toon Verwaest <verwaest@chromium.org>
Vyacheslav Egorov <vegorov@chromium.org>
Yang Guo <yangguo@chromium.org>
